cigar_slug,vitola_slug,strength,aroma_tags,source_url,note
davidoff-grand-cru-n-2,,leger,chene|reglisse,https://us.davidoffgeneva.com/product/davidoff-grand-cru-no-2,"texte du fabricant : « a mild yet complex taste experience with notes of oak wood, liquorice and fresh spice » — mild → léger ; oak wood → chêne, liquorice → réglisse ; « fresh spice » est une famille de la roue, laissée vide"
davidoff-gc-n-2,,leger,chene|reglisse,https://us.davidoffgeneva.com/product/davidoff-grand-cru-no-2,"GC = Grand Cru (fiche de l’arrêté) ; texte du fabricant : « a mild yet complex taste experience with notes of oak wood, liquorice and fresh spice » — mild → léger ; oak wood → chêne, liquorice → réglisse ; « fresh spice » est une famille de la roue, laissée vide"
davidoff-gc-n-3,,leger,,https://us.davidoffgeneva.com/product/davidoff-grand-cru-no-3,GC = Grand Cru ; texte du fabricant : « a mild yet complex taste experience » — mild → léger ; aucune note d’arôme sur la page
davidoff-grand-cru-n-5,,,chene|reglisse,https://us.davidoffgeneva.com/product/davidoff-grand-cru-no-5,"texte du fabricant : « notes of oak wood, liquorice and fresh spice » — chêne, réglisse ; « fresh spice » est une famille, laissée vide ; aucun mot de force sur la page"
davidoff-gc-n-5,,,chene|reglisse,https://us.davidoffgeneva.com/product/davidoff-grand-cru-no-5,"GC = Grand Cru ; texte du fabricant : « notes of oak wood, liquorice and fresh spice » — chêne, réglisse ; « fresh spice » est une famille, laissée vide ; aucun mot de force sur la page"
davidoff-aniversario-n-3,,,cafe,https://us.davidoffgeneva.com/product/davidoff-aniversario-no-3,"texte du fabricant : « a fuller-bodied cigar … notes of coffee and wood » — café ; « wood » est une famille, laissée vide ; « fuller-bodied » est un comparatif, pas un cran de l’échelle : force laissée vide"
davidoff-aniversario-n-3-tubos,,,cafe,https://us.davidoffgeneva.com/product/davidoff-aniversario-no-3,"même cigare, en tube ; texte du fabricant : « a fuller-bodied cigar … notes of coffee and wood » — café ; « wood » est une famille, laissée vide ; « fuller-bodied » est un comparatif, pas un cran de l’échelle : force laissée vide"
davidoff-millenium-robusto,,moyen,,https://us.davidoffgeneva.com/product/davidoff-millennium-robusto,texte du fabricant : « a medium-intense enjoyment » — moyen ; aucune note d’arôme sur la page ; orthographe du fabricant : Millennium
davidoff-millenium-toro,,moyen,,https://us.davidoffgeneva.com/product/davidoff-millennium-toro,texte du fabricant : « a medium-intense enjoyment » — moyen ; aucune note d’arôme sur la page ; orthographe du fabricant : Millennium
davidoff-millenium-petit-corona,,moyen,,https://us.davidoffgeneva.com/product/davidoff-millennium-petit-corona,"texte du fabricant : « a complex, yet refined medium-intense cigar » — moyen ; aucune note d’arôme sur la page ; orthographe du fabricant : Millennium"
davidoff-nicaragua-toro,,,cafe|cuir,https://us.davidoffgeneva.com/product/davidoff-nicaragua-toro,"texte du fabricant : « notes of spice, roasted coffee and leather » — café, cuir ; « spice » est une famille, laissée vide ; aucun mot de force sur la page"
davidoff-nicaragua-robusto,,,cafe|cuir,https://us.davidoffgeneva.com/product/davidoff-nicaragua-robusto,"texte du fabricant : « notes of spice, roasted coffee and leather » — café, cuir ; « spice » est une famille, laissée vide ; aucun mot de force sur la page"
davidoff-nicaragua-robusto-tubos,,,cafe|cuir,https://us.davidoffgeneva.com/product/davidoff-nicaragua-robusto,"même cigare, en tube ; texte du fabricant : « notes of spice, roasted coffee and leather » — café, cuir ; « spice » est une famille, laissée vide ; aucun mot de force sur la page"
davidoff-escurio-robusto,,moyen,chene|chocolat-noir,https://us.davidoffgeneva.com/product/davidoff-escurio-robusto,"texte du fabricant : « a taste experience of medium intensity and notes of oak wood, dark chocolate and fresh pepper » — moyen ; chêne, chocolat noir ; « fresh pepper » sans couleur ne désigne ni poivre noir ni poivre blanc, laissé vide"
davidoff-escurio-robusto-tubos,,moyen,chene|chocolat-noir,https://us.davidoffgeneva.com/product/davidoff-escurio-robusto,"même cigare, en tube ; texte du fabricant : « a taste experience of medium intensity and notes of oak wood, dark chocolate and fresh pepper » — moyen ; chêne, chocolat noir ; « fresh pepper » sans couleur ne désigne ni poivre noir ni poivre blanc, laissé vide"
davidoff-escurio-gran-perfecto,,,chene|chocolat-noir,https://us.davidoffgeneva.com/product/davidoff-escurio-gran-perfecto,"texte du fabricant : « notes of oak wood, dark chocolate and fresh pepper » — chêne, chocolat noir ; « fresh pepper » laissé vide ; aucun mot de force sur la page"
davidoff-yamasa-robusto-eu,,,cuir|cedre,https://us.davidoffgeneva.com/product/davidoff-yamasa-robusto,"texte du fabricant : « notes of spice, leather and cedar wood » — cuir, cèdre ; « spice » est une famille, laissée vide ; « intense » n’est pas un cran de l’échelle : force laissée vide"
davidoff-puro-dominicano-short-robusto,,corse,,https://us.davidoffgeneva.com/product/davidoff-puro-dominicano-short-robusto,texte du fabricant : « a full-bodied Dominican puro » — corsé ; aucune note d’arôme sur la page
davidoff-signature-6000,,,cedre,https://us.davidoffgeneva.com/product/davidoff-signature-6000,"texte du fabricant : « notes of barley, cream and cedar wood » — cèdre ; barley et cream n’ont pas de descripteur dans la roue, laissés vides ; aucun mot de force sur la page"
arturo-fuente-gran-reserva-rothschilds,rothschild,,,https://www.arturofuente.com/_download/AF_catalog_EN.pdf,"catalogue du fabricant, p. 5 : Gran Reserva « Rothschild 4 1/2 × 50 — 114 mm », le format conventionnel Rothschild 50 × 114 de la base ; aucun mot de force ni note d’arôme du fabricant (les citations du catalogue sont des revues tierces, non reprises)"
arturo-fuente-gran-reserva-rotschild,rothschild,,,https://www.arturofuente.com/_download/AF_catalog_EN.pdf,"catalogue du fabricant, p. 5 : Gran Reserva « Rothschild 4 1/2 × 50 — 114 mm », le format conventionnel Rothschild 50 × 114 de la base ; aucun mot de force ni note d’arôme du fabricant (les citations du catalogue sont des revues tierces, non reprises)"
arturo-fuente-gran-reserva-rotschild-mad,rothschild,,,https://www.arturofuente.com/_download/AF_catalog_EN.pdf,"catalogue du fabricant, p. 5 : Gran Reserva « Rothschild 4 1/2 × 50 — 114 mm », le format conventionnel Rothschild 50 × 114 de la base ; aucun mot de force ni note d’arôme du fabricant (les citations du catalogue sont des revues tierces, non reprises) ; cape maduro, non proposée"
arturo-fuente-chateau-fuente,rothschild,,,https://www.arturofuente.com/_download/AF_catalog_EN.pdf,"catalogue du fabricant, p. 6 : « Chateau Fuente 4 1/2 × 50 — 114 mm », le format conventionnel Rothschild 50 × 114 de la base (la vitole porte le nom de la gamme au catalogue) ; aucun mot de force ni note d’arôme"
arturo-fuente-chateau-fuente-sg,rothschild,,,https://www.arturofuente.com/_download/AF_catalog_EN.pdf,"catalogue du fabricant, p. 6 : « Chateau Fuente 4 1/2 × 50 — 114 mm », le format conventionnel Rothschild 50 × 114 de la base (la vitole porte le nom de la gamme au catalogue) ; aucun mot de force ni note d’arôme ; cape sun grown, non proposée"
arturo-fuente-oro-rosado-magnum-r-super-sixty,gordo,,,https://www.arturofuente.com/_download/AF_catalog_EN.pdf,"catalogue du fabricant, p. 7 : Magnum R « Super 60 6 × 60 — 152 mm », le format conventionnel Gordo 60 × 152 de la base ; aucun mot de force ni note d’arôme"
arturo-fuente-rosado-magnum-r-super-sixty-rsg,gordo,,,https://www.arturofuente.com/_download/AF_catalog_EN.pdf,"catalogue du fabricant, p. 7 : Magnum R « Super 60 6 × 60 — 152 mm », le format conventionnel Gordo 60 × 152 de la base ; aucun mot de force ni note d’arôme"
arturo-fuente-destino-al-siglo-de-amistad,,corse,,https://www.arturofuente.com/_download/AF_catalog_EN.pdf,"catalogue du fabricant, p. 15 : « Destino al Siglo will delight those who prefer a full-flavor, robust smoke » — corsé ; aucune note d’arôme ; cotes publiées sans équivalent exact dans la base"
arturo-fuente-destino-al-siglo-de-amor,,corse,,https://www.arturofuente.com/_download/AF_catalog_EN.pdf,"catalogue du fabricant, p. 15 : « Destino al Siglo will delight those who prefer a full-flavor, robust smoke » — corsé ; aucune note d’arôme ; cotes publiées sans équivalent exact dans la base"
arturo-fuente-destino-al-siglo-de-familias,,corse,,https://www.arturofuente.com/_download/AF_catalog_EN.pdf,"catalogue du fabricant, p. 15 : « Destino al Siglo will delight those who prefer a full-flavor, robust smoke » — corsé ; aucune note d’arôme ; cotes publiées sans équivalent exact dans la base"
arturo-fuente-destino-al-siglo-de-passion,,corse,,https://www.arturofuente.com/_download/AF_catalog_EN.pdf,"catalogue du fabricant, p. 15 : « Destino al Siglo will delight those who prefer a full-flavor, robust smoke » — corsé ; aucune note d’arôme ; cotes publiées sans équivalent exact dans la base"
padron-series-2000,,moyen_corse,,https://padron.com/padron-series/,"page de la série sur le site du fabricant : « fifteen medium- to full-bodied, long-filler cigars … A beautifully balanced and full-bodied smoke » — la fourchette medium à full → moyen-corsé, comme « medio a fuerte » chez Habanos ; aucune note d’arôme publiée ; cotes sans équivalent exact dans la base"
padron-series-2000-maduro,,moyen_corse,,https://padron.com/padron-series/,"page de la série sur le site du fabricant : « fifteen medium- to full-bodied, long-filler cigars … A beautifully balanced and full-bodied smoke » — la fourchette medium à full → moyen-corsé, comme « medio a fuerte » chez Habanos ; aucune note d’arôme publiée ; cotes sans équivalent exact dans la base"
padron-series-4000,,moyen_corse,,https://padron.com/padron-series/,"page de la série sur le site du fabricant : « fifteen medium- to full-bodied, long-filler cigars … A beautifully balanced and full-bodied smoke » — la fourchette medium à full → moyen-corsé, comme « medio a fuerte » chez Habanos ; aucune note d’arôme publiée ; cotes sans équivalent exact dans la base"
padron-series-4000-maduro,,moyen_corse,,https://padron.com/padron-series/,"page de la série sur le site du fabricant : « fifteen medium- to full-bodied, long-filler cigars … A beautifully balanced and full-bodied smoke » — la fourchette medium à full → moyen-corsé, comme « medio a fuerte » chez Habanos ; aucune note d’arôme publiée ; cotes sans équivalent exact dans la base"
padron-series-5000,,moyen_corse,,https://padron.com/padron-series/,"page de la série sur le site du fabricant : « fifteen medium- to full-bodied, long-filler cigars … A beautifully balanced and full-bodied smoke » — la fourchette medium à full → moyen-corsé, comme « medio a fuerte » chez Habanos ; aucune note d’arôme publiée ; cotes sans équivalent exact dans la base"
padron-series-5000-maduro,,moyen_corse,,https://padron.com/padron-series/,"page de la série sur le site du fabricant : « fifteen medium- to full-bodied, long-filler cigars … A beautifully balanced and full-bodied smoke » — la fourchette medium à full → moyen-corsé, comme « medio a fuerte » chez Habanos ; aucune note d’arôme publiée ; cotes sans équivalent exact dans la base"
padron-series-7000,,moyen_corse,,https://padron.com/padron-series/,"page de la série sur le site du fabricant : « fifteen medium- to full-bodied, long-filler cigars … A beautifully balanced and full-bodied smoke » — la fourchette medium à full → moyen-corsé, comme « medio a fuerte » chez Habanos ; aucune note d’arôme publiée ; cotes sans équivalent exact dans la base"
padron-series-7000-maduro,,moyen_corse,,https://padron.com/padron-series/,"page de la série sur le site du fabricant : « fifteen medium- to full-bodied, long-filler cigars … A beautifully balanced and full-bodied smoke » — la fourchette medium à full → moyen-corsé, comme « medio a fuerte » chez Habanos ; aucune note d’arôme publiée ; cotes sans équivalent exact dans la base"
padron-1926-n-2-maduro,,corse,,https://padron.com/padron-1926-serie/,"page de la série sur le site du fabricant : « an exceptionally smooth, complex, balanced and full-bodied flavor » — corsé ; aucune note d’arôme publiée ; cotes sans équivalent exact dans la base"
padron-1926-80-years,,corse,,https://padron.com/padron-1926-serie/,"page de la série sur le site du fabricant : « an exceptionally smooth, complex, balanced and full-bodied flavor » — corsé ; aucune note d’arôme publiée ; cotes sans équivalent exact dans la base ; « 80 years » = 1926 Serie No 80 (54 × 6 3/4)"
padron-1926-80-years-maduro,,corse,,https://padron.com/padron-1926-serie/,"page de la série sur le site du fabricant : « an exceptionally smooth, complex, balanced and full-bodied flavor » — corsé ; aucune note d’arôme publiée ; cotes sans équivalent exact dans la base ; « 80 years » = 1926 Serie No 80 (54 × 6 3/4)"
padron-1926-n-2,,corse,,https://padron.com/padron-1926-serie/,"page de la série sur le site du fabricant : « an exceptionally smooth, complex, balanced and full-bodied flavor » — corsé ; aucune note d’arôme publiée ; cotes sans équivalent exact dans la base"
padron-1926-n-48,,corse,,https://padron.com/padron-1926-serie/,"page de la série sur le site du fabricant : « an exceptionally smooth, complex, balanced and full-bodied flavor » — corsé ; aucune note d’arôme publiée ; cotes sans équivalent exact dans la base"
padron-1926-n-6,,corse,,https://padron.com/padron-1926-serie/,"page de la série sur le site du fabricant : « an exceptionally smooth, complex, balanced and full-bodied flavor » — corsé ; aucune note d’arôme publiée ; cotes sans équivalent exact dans la base"
padron-1926-n-9,,corse,,https://padron.com/padron-1926-serie/,"page de la série sur le site du fabricant : « an exceptionally smooth, complex, balanced and full-bodied flavor » — corsé ; aucune note d’arôme publiée ; cotes sans équivalent exact dans la base"
padron-family-reserve-50,,corse,,https://padron.com/padron-family-reserve/,"page de la série sur le site du fabricant : « an exceptionally smooth, complex, balanced and full-bodied flavor » — corsé ; aucune note d’arôme publiée ; cotes sans équivalent exact dans la base"
padron-family-reserve-50-maduro,,corse,,https://padron.com/padron-family-reserve/,"page de la série sur le site du fabricant : « an exceptionally smooth, complex, balanced and full-bodied flavor » — corsé ; aucune note d’arôme publiée ; cotes sans équivalent exact dans la base"
padron-family-reserve-95,,corse,,https://padron.com/padron-family-reserve/,"page de la série sur le site du fabricant : « an exceptionally smooth, complex, balanced and full-bodied flavor » — corsé ; aucune note d’arôme publiée ; cotes sans équivalent exact dans la base"
padron-family-reserve-95-maduro,,corse,,https://padron.com/padron-family-reserve/,"page de la série sur le site du fabricant : « an exceptionally smooth, complex, balanced and full-bodied flavor » — corsé ; aucune note d’arôme publiée ; cotes sans équivalent exact dans la base"
oliva-serie-v-belicoso,,,cafe|chocolat-noir,https://olivacigar.com/cigars/serie-v/,"page de la gamme sur le site du fabricant : « rich coffee and dark chocolate tones. A subtle and well balanced spice is present throughout » — café, chocolat noir ; « spice » est une famille, laissée vide ; aucun mot de force sur la page"
oliva-serie-v-churchill-extra,,,cafe|chocolat-noir,https://olivacigar.com/cigars/serie-v/,"page de la gamme sur le site du fabricant : « rich coffee and dark chocolate tones. A subtle and well balanced spice is present throughout » — café, chocolat noir ; « spice » est une famille, laissée vide ; aucun mot de force sur la page"
oliva-serie-v-double-robusto,,,cafe|chocolat-noir,https://olivacigar.com/cigars/serie-v/,"page de la gamme sur le site du fabricant : « rich coffee and dark chocolate tones. A subtle and well balanced spice is present throughout » — café, chocolat noir ; « spice » est une famille, laissée vide ; aucun mot de force sur la page"
oliva-serie-v-figurado,,,cafe|chocolat-noir,https://olivacigar.com/cigars/serie-v/,"page de la gamme sur le site du fabricant : « rich coffee and dark chocolate tones. A subtle and well balanced spice is present throughout » — café, chocolat noir ; « spice » est une famille, laissée vide ; aucun mot de force sur la page"
oliva-serie-v-lancero,,,cafe|chocolat-noir,https://olivacigar.com/cigars/serie-v/,"page de la gamme sur le site du fabricant : « rich coffee and dark chocolate tones. A subtle and well balanced spice is present throughout » — café, chocolat noir ; « spice » est une famille, laissée vide ; aucun mot de force sur la page"
oliva-serie-v-n-4,,,cafe|chocolat-noir,https://olivacigar.com/cigars/serie-v/,"page de la gamme sur le site du fabricant : « rich coffee and dark chocolate tones. A subtle and well balanced spice is present throughout » — café, chocolat noir ; « spice » est une famille, laissée vide ; aucun mot de force sur la page"
oliva-serie-v-torpedo,,,cafe|chocolat-noir,https://olivacigar.com/cigars/serie-v/,"page de la gamme sur le site du fabricant : « rich coffee and dark chocolate tones. A subtle and well balanced spice is present throughout » — café, chocolat noir ; « spice » est une famille, laissée vide ; aucun mot de force sur la page"
oliva-serie-v-double-toro,gordo,,cafe|chocolat-noir,https://olivacigar.com/cigars/serie-v/,"page de la gamme sur le site du fabricant : « rich coffee and dark chocolate tones. A subtle and well balanced spice is present throughout » — café, chocolat noir ; « spice » est une famille, laissée vide ; aucun mot de force sur la page ; « 6 x 60 Double Toro » = le format conventionnel Gordo 60 × 152 de la base"
oliva-serie-v-double-toro-maduro,gordo,,,https://olivacigar.com/cigars/serie-v-maduro/,page de la gamme sur le site du fabricant : « 6 x 60 Double Toro » = le format conventionnel Gordo 60 × 152 de la base ; ni mot de force ni note d’arôme transcriptible (« sweet and spicy » sont des familles)
oliva-serie-v-melanio-double-toro,gordo,,,https://olivacigar.com/cigars/serie-v-melanio/,page de la gamme sur le site du fabricant : « 6x60 Double Toro » = le format conventionnel Gordo 60 × 152 de la base ; ni mot de force ni note d’arôme sur la page
oliva-serie-v-melanio-maduro-double-toro,gordo,,,https://olivacigar.com/cigars/serie-v-melanio-maduro/,page de la gamme sur le site du fabricant : « 6x60 Double Toro » = le format conventionnel Gordo 60 × 152 de la base ; ni mot de force ni note d’arôme sur la page
oliva-serie-g-special-g,,moyen,cedre|cafe,https://olivacigar.com/cigars/serie-g/,"page de la gamme sur le site du fabricant : « a medium body blend … notes of cedar and coffee » — moyen ; cèdre, café"
oliva-serie-g-churchill,,moyen,cedre|cafe,https://olivacigar.com/cigars/serie-g/,"page de la gamme sur le site du fabricant : « a medium body blend … notes of cedar and coffee » — moyen ; cèdre, café"
oliva-serie-g-double-robusto,,moyen,cedre|cafe,https://olivacigar.com/cigars/serie-g/,"page de la gamme sur le site du fabricant : « a medium body blend … notes of cedar and coffee » — moyen ; cèdre, café"
oliva-serie-g-toro,,moyen,cedre|cafe,https://olivacigar.com/cigars/serie-g/,"page de la gamme sur le site du fabricant : « a medium body blend … notes of cedar and coffee » — moyen ; cèdre, café"
oliva-connecticut-reserve-double-toro,gordo,moyen,,https://olivacigar.com/cigars/connecticut-reserve/,"page de la gamme sur le site du fabricant : « this medium-bodied cigar … subtle notes of wood » — moyen ; « wood » est une famille, laissée vide ; « 6 x 60 Double Toro » = le format conventionnel Gordo 60 × 152 de la base"
oliva-connecticut-reserve-petit-corona,,moyen,,https://olivacigar.com/cigars/connecticut-reserve/,"page de la gamme sur le site du fabricant : « this medium-bodied cigar … subtle notes of wood » — moyen ; « wood » est une famille, laissée vide"
oliva-connecticut-reserve-robusto,,moyen,,https://olivacigar.com/cigars/connecticut-reserve/,"page de la gamme sur le site du fabricant : « this medium-bodied cigar … subtle notes of wood » — moyen ; « wood » est une famille, laissée vide"
plasencia-alma-fuerte-generacion-v-salomon,,moyen,chocolat-noir|cannelle|chene|melasse,https://www.plasenciacigars.com/collection/alma-fuerte/,"page de la collection sur le site du fabricant : Strength 3 feuilles sur 5 → moyen ; « hints of dark chocolate, plum, and cinnamon … finishing notes of oak and molasses » — chocolat noir, cannelle, chêne, mélasse ; plum n’a pas de descripteur (pruneau = prune séchée), laissé vide"
plasencia-alma-fuerte-robustus-ii-robusto,,moyen,chocolat-noir|cannelle|chene|melasse,https://www.plasenciacigars.com/collection/alma-fuerte/,"page de la collection sur le site du fabricant : Strength 3 feuilles sur 5 → moyen ; « hints of dark chocolate, plum, and cinnamon … finishing notes of oak and molasses » — chocolat noir, cannelle, chêne, mélasse ; plum n’a pas de descripteur (pruneau = prune séchée), laissé vide"
plasencia-alma-fuerte-robustus-robusto,,moyen,chocolat-noir|cannelle|chene|melasse,https://www.plasenciacigars.com/collection/alma-fuerte/,"page de la collection sur le site du fabricant : Strength 3 feuilles sur 5 → moyen ; « hints of dark chocolate, plum, and cinnamon … finishing notes of oak and molasses » — chocolat noir, cannelle, chêne, mélasse ; plum n’a pas de descripteur (pruneau = prune séchée), laissé vide"
plasencia-alma-fuerte-sixto-ii,,moyen,chocolat-noir|cannelle|chene|melasse,https://www.plasenciacigars.com/collection/alma-fuerte/,"page de la collection sur le site du fabricant : Strength 3 feuilles sur 5 → moyen ; « hints of dark chocolate, plum, and cinnamon … finishing notes of oak and molasses » — chocolat noir, cannelle, chêne, mélasse ; plum n’a pas de descripteur (pruneau = prune séchée), laissé vide"
plasencia-alma-fuerte-sixto-ii-hexagono,,moyen,chocolat-noir|cannelle|chene|melasse,https://www.plasenciacigars.com/collection/alma-fuerte/,"page de la collection sur le site du fabricant : Strength 3 feuilles sur 5 → moyen ; « hints of dark chocolate, plum, and cinnamon … finishing notes of oak and molasses » — chocolat noir, cannelle, chêne, mélasse ; plum n’a pas de descripteur (pruneau = prune séchée), laissé vide"
plasencia-alma-fuerte-sixto-i-hexagono,,moyen,cacao|muscade|cedre,https://www.plasenciacigars.com/collection/alma-fuerte/,"page de la collection sur le site du fabricant : Strength 3 feuilles sur 5 → moyen ; pour le Sixto I : « Flavors include cocoa and almonds, with hints of nutmeg and cedar in the final notes » — cacao, muscade, cèdre ; almonds n’a pas de descripteur, laissé vide"
plasencia-alma-del-campo-guajiro,,moyen,cafe,https://www.plasenciacigars.com/collection/alma-del-campo/,"page de la collection sur le site du fabricant : Strength 3 feuilles sur 5 → moyen ; « notes of coffee and nuts. A very creamy cigar with a touch of spice » — café ; nuts et spice sont sans descripteur ou une famille, laissés vides"
plasencia-alma-del-campo-sendero-toro-gordo,,moyen,cafe,https://www.plasenciacigars.com/collection/alma-del-campo/,"page de la collection sur le site du fabricant : Strength 3 feuilles sur 5 → moyen ; « notes of coffee and nuts. A very creamy cigar with a touch of spice » — café ; nuts et spice sont sans descripteur ou une famille, laissés vides"
plasencia-alma-del-campo-tribu-robusto,,moyen,cafe,https://www.plasenciacigars.com/collection/alma-del-campo/,"page de la collection sur le site du fabricant : Strength 3 feuilles sur 5 → moyen ; « notes of coffee and nuts. A very creamy cigar with a touch of spice » — café ; nuts et spice sont sans descripteur ou une famille, laissés vides"
plasencia-alma-del-cielo-celeste-robusto,,leger_moyen,miel|zeste-d-orange|cedre|gingembre,https://www.plasenciacigars.com/collection/alma-del-cielo/,"page de la collection sur le site du fabricant : Strength 2 feuilles sur 5 → léger-moyen ; « marzipan and honey … nougat … earthy undertones … orange zest … warm cedar … ginger spice » — miel, zeste d’orange, cèdre, gingembre ; marzipan et nougat sans descripteur, earthy est une famille"
plasencia-cosecha-149-cortez-torpedo,,moyen_corse,chocolat-noir|cedre,https://www.plasenciacigars.com/collection/cosecha-149/,"page de la collection sur le site du fabricant : Strength 4 feuilles sur 5 et « a full-bodied, medium- to full-strength cigar » → moyen-corsé ; « distinct notes of cream, dark chocolate, and a subtle yet earthy hint of cedar » — chocolat noir, cèdre ; cream sans descripteur"
plasencia-cosecha-149-azuacualpa-toro,toro,moyen_corse,chocolat-noir|cedre,https://www.plasenciacigars.com/collection/cosecha-149/,"page de la collection sur le site du fabricant : Strength 4 feuilles sur 5 et « a full-bodied, medium- to full-strength cigar » → moyen-corsé ; « distinct notes of cream, dark chocolate, and a subtle yet earthy hint of cedar » — chocolat noir, cèdre ; cream sans descripteur ; « Azacualpa Toro 6 x 52 » = le format conventionnel Toro 52 × 152 de la base"
plasencia-cosecha-149-la-vega-robusto,,moyen_corse,chocolat-noir|cedre,https://www.plasenciacigars.com/collection/cosecha-149/,"page de la collection sur le site du fabricant : Strength 4 feuilles sur 5 et « a full-bodied, medium- to full-strength cigar » → moyen-corsé ; « distinct notes of cream, dark chocolate, and a subtle yet earthy hint of cedar » — chocolat noir, cèdre ; cream sans descripteur"
plasencia-cosecha-149-santa-fe-gordo,,moyen_corse,chocolat-noir|cedre,https://www.plasenciacigars.com/collection/cosecha-149/,"page de la collection sur le site du fabricant : Strength 4 feuilles sur 5 et « a full-bodied, medium- to full-strength cigar » → moyen-corsé ; « distinct notes of cream, dark chocolate, and a subtle yet earthy hint of cedar » — chocolat noir, cèdre ; cream sans descripteur"
plasencia-cosecha-151-la-musica-robusto,,moyen_corse,cafe|chocolat-noir|pruneau|cannelle|chene,https://www.plasenciacigars.com/collection/cosecha-151/,"page de la collection sur le site du fabricant : Strength 4 feuilles sur 5 et « This is a full-bodied cigar » → moyen-corsé (l’échelle publiée prime sur l’adjectif) ; « roasted coffee and pecans … dark chocolate and prunes … cinnamon and oak » — café, chocolat noir, pruneau, cannelle, chêne ; pecans sans descripteur"
plasencia-cosecha-151-la-tradicion-toro,,moyen_corse,cafe|chocolat-noir|pruneau|cannelle|chene,https://www.plasenciacigars.com/collection/cosecha-151/,"page de la collection sur le site du fabricant : Strength 4 feuilles sur 5 et « This is a full-bodied cigar » → moyen-corsé (l’échelle publiée prime sur l’adjectif) ; « roasted coffee and pecans … dark chocolate and prunes … cinnamon and oak » — café, chocolat noir, pruneau, cannelle, chêne ; pecans sans descripteur"
plasencia-r-o-corona,,leger_moyen,caramel|cedre,https://www.plasenciacigars.com/collection/reserva-original/,"page de la collection sur le site du fabricant : Strength 2 feuilles sur 5 → léger-moyen ; « notes of nuts, fruits, and caramel with delicate nuances of marzipan and final hints of cedar » — caramel, cèdre ; nuts, fruits, marzipan sans descripteur ou famille, laissés vides ; R.O = Reserva Original"
plasencia-r-o-piramide,,leger_moyen,caramel|cedre,https://www.plasenciacigars.com/collection/reserva-original/,"page de la collection sur le site du fabricant : Strength 2 feuilles sur 5 → léger-moyen ; « notes of nuts, fruits, and caramel with delicate nuances of marzipan and final hints of cedar » — caramel, cèdre ; nuts, fruits, marzipan sans descripteur ou famille, laissés vides ; R.O = Reserva Original"
plasencia-r-o-robusto,,leger_moyen,caramel|cedre,https://www.plasenciacigars.com/collection/reserva-original/,"page de la collection sur le site du fabricant : Strength 2 feuilles sur 5 → léger-moyen ; « notes of nuts, fruits, and caramel with delicate nuances of marzipan and final hints of cedar » — caramel, cèdre ; nuts, fruits, marzipan sans descripteur ou famille, laissés vides ; R.O = Reserva Original"
plasencia-r-o-toro,,leger_moyen,caramel|cedre,https://www.plasenciacigars.com/collection/reserva-original/,"page de la collection sur le site du fabricant : Strength 2 feuilles sur 5 → léger-moyen ; « notes of nuts, fruits, and caramel with delicate nuances of marzipan and final hints of cedar » — caramel, cèdre ; nuts, fruits, marzipan sans descripteur ou famille, laissés vides ; R.O = Reserva Original"
plasencia-reserva-original-robusto,,leger_moyen,caramel|cedre,https://www.plasenciacigars.com/collection/reserva-original/,"page de la collection sur le site du fabricant : Strength 2 feuilles sur 5 → léger-moyen ; « notes of nuts, fruits, and caramel with delicate nuances of marzipan and final hints of cedar » — caramel, cèdre ; nuts, fruits, marzipan sans descripteur ou famille, laissés vides"
rocky-patel-dark-star-robusto,,moyen,,https://www.rockypatel.com/cigar/dark-star/,"fiche du fabricant, champ « STRENGTH » : « Medium » → moyen ; aucune note d’arôme publiée"
rocky-patel-dark-star-short-star,,moyen,,https://www.rockypatel.com/cigar/dark-star/,"fiche du fabricant, champ « STRENGTH » : « Medium » → moyen ; aucune note d’arôme publiée"
rocky-patel-disciple-robusto,,moyen_corse,,https://www.rockypatel.com/cigar/disciple/,"fiche du fabricant, champ « STRENGTH » : « Medium-Full » → moyen-corsé ; aucune note d’arôme publiée"
rocky-patel-emerald-robusto,,moyen,,https://www.rockypatel.com/cigar/emerald/,"fiche du fabricant, champ « STRENGTH » : « Medium » → moyen ; aucune note d’arôme publiée"
rocky-patel-emerald-toro,,moyen,,https://www.rockypatel.com/cigar/emerald/,"fiche du fabricant, champ « STRENGTH » : « Medium » → moyen ; aucune note d’arôme publiée"
rocky-patel-gold-label-half-corona,,moyen_corse,,https://www.rockypatel.com/cigar/gold-label/,"fiche du fabricant, champ « STRENGTH » : « Medium-Full » → moyen-corsé ; aucune note d’arôme publiée"
rocky-patel-gold-label-robusto,,moyen_corse,,https://www.rockypatel.com/cigar/gold-label/,"fiche du fabricant, champ « STRENGTH » : « Medium-Full » → moyen-corsé ; aucune note d’arôme publiée"
rocky-patel-n-6-corona,,moyen,,https://www.rockypatel.com/cigar/number-6/,"fiche du fabricant, champ « STRENGTH » : « Medium » → moyen ; aucune note d’arôme publiée"
rocky-patel-n-6-robusto,,moyen,,https://www.rockypatel.com/cigar/number-6/,"fiche du fabricant, champ « STRENGTH » : « Medium » → moyen ; aucune note d’arôme publiée"
rocky-patel-n-6-toro,,moyen,,https://www.rockypatel.com/cigar/number-6/,"fiche du fabricant, champ « STRENGTH » : « Medium » → moyen ; aucune note d’arôme publiée"
rocky-patel-sixty-robusto,,moyen,,https://www.rockypatel.com/cigar/sixty/,"fiche du fabricant, champ « STRENGTH » : « Medium » → moyen ; aucune note d’arôme publiée"
rocky-patel-white-label-robusto-en-20-cigares,,moyen,,https://www.rockypatel.com/cigar/white-label/,"fiche du fabricant, champ « STRENGTH » : « Medium » → moyen ; aucune note d’arôme publiée"
rocky-patel-gran-reserve-robusto,,moyen,,https://www.rockypatel.com/cigar/grand-reserve/,fiche du fabricant : « the medium-bodied Grand Reserve » → moyen ; aucune note d’arôme publiée
rocky-patel-lb1-robusto,,moyen,,https://www.rockypatel.com/cigar/lb1/,fiche du fabricant : « It’s a medium-bodied smoke » → moyen ; aucune note d’arôme publiée
rocky-patel-vintage-2003-robusto-en-20-cigares,,moyen,,https://www.rockypatel.com/cigar/vintage-2003/,fiche du fabricant : « The blend delivers a medium-bodied smoking experience » → moyen ; aucune note d’arôme publiée
rocky-patel-dbs-sixty-en-20-cigares,gordo,,,https://www.rockypatel.com/cigar/dbs/,"fiche du fabricant, « Sizes … Sixty (6 x 60) » = le format conventionnel Gordo 60 × 152 de la base ; ni champ de force ni note d’arôme"
rocky-patel-edge-candela-toro,toro,,,https://www.rockypatel.com/cigar/the-edge-candela/,"fiche du fabricant, « SIZES Toro (6 x 52) » = le format conventionnel Toro 52 × 152 de la base ; ni champ de force ni note d’arôme"
rocky-patel-conviction,,,caramel|miel|cafe|expresso,https://www.rockypatel.com/cigar/conviction/,"fiche du fabricant : « notes of caramel, honey, coffee, espresso, and chocolate … a lingering spice » — caramel, miel, café, expresso ; « chocolate » sans précision n’est ni cacao ni chocolat noir, laissé vide ; champ STRENGTH « Medium Plus », hors de l’échelle du §5.1 : force laissée vide"
